# The German verse number the Unbound export left inline, by the KJV
# address it was found at. Kept for a future 'show German numbering'
# feature; nothing reads it today.
# osis	chapter	verse	germanRef
Gen	31	55	32:1
Gen	32	1	32:2
Gen	32	2	32:3
Gen	32	3	32:4
Gen	32	4	32:5
Gen	32	5	32:6
Gen	32	6	32:7
Gen	32	7	32:8
Gen	32	8	32:9
Gen	32	9	32:10
Gen	32	10	32:11
Gen	32	11	32:12
Gen	32	12	32:13
Gen	32	13	32:14
Gen	32	14	32:15
Gen	32	15	32:16
Gen	32	16	32:17
Gen	32	17	32:18
Gen	32	18	32:19
Gen	32	19	32:20
Gen	32	20	32:21
Gen	32	21	32:22
Gen	32	22	32:23
Gen	32	23	32:24
Gen	32	24	32:25
Gen	32	25	32:26
Gen	32	26	32:27
Gen	32	27	32:28
Gen	32	28	32:29
Gen	32	29	32:30
Gen	32	30	32:31
Gen	32	31	32:32
Gen	32	32	31:33
Exod	8	1	7:26
Exod	8	2	7:27
Exod	8	3	7:28
Exod	8	4	7:29
Exod	8	5	8:1
Exod	8	6	8:2
Exod	8	7	8:3
Exod	8	8	8:4
Exod	8	9	8:5
Exod	8	10	8:6
Exod	8	11	8:7
Exod	8	12	8:8
Exod	8	13	8:9
Exod	8	14	8:10
Exod	8	15	8:11
Exod	8	16	8:12
Exod	8	17	8:13
Exod	8	18	8:14
Exod	8	19	8:15
Exod	8	20	8:16
Exod	8	21	8:17
Exod	8	22	8:18
Exod	8	23	8:19
Exod	8	24	8:20
Exod	8	25	8:21
Exod	8	26	8:22
Exod	8	27	8:23
Exod	8	28	8:24
Exod	8	29	8:25
Exod	8	30	8:26
Exod	8	31	8:27
Exod	8	32	8:27
Exod	22	1	21:37
Exod	22	2	22:1
Exod	22	3	22:2
Exod	22	4	22:3
Exod	22	5	22:4
Exod	22	6	22:5
Exod	22	7	22:6
Exod	22	8	22:7
Exod	22	9	22:8
Exod	22	10	22:9
Exod	22	11	22:10
Exod	22	12	22:11
Exod	22	13	22:12
Exod	22	14	22:13
Exod	22	15	22:14
Exod	22	16	22:15
Exod	22	17	22:16
Exod	22	18	22:17
Exod	22	19	22:18
Exod	22	20	22:19
Exod	22	21	22:20
Exod	22	22	22:21
Exod	22	23	22:22
Exod	22	24	22:23
Exod	22	25	22:24
Exod	22	26	22:25
Exod	22	27	22:26
Exod	22	28	22:27
Exod	22	29	22:28
Exod	22	30	22:29
Exod	22	31	22:30
Lev	6	1	5:20
Lev	6	2	5:21
Lev	6	3	5:22
Lev	6	4	5:23
Lev	6	5	5:24
Lev	6	6	5:25
Lev	6	7	5:26
Lev	6	8	6:1
Lev	6	9	6:2
Lev	6	10	6:3
Lev	6	11	6:4
Lev	6	12	6:5
Lev	6	13	6:6
Lev	6	14	6:7
Lev	6	15	6:8
Lev	6	16	6:9
Lev	6	17	6:10
Lev	6	18	6:11
Lev	6	19	6:12
Lev	6	20	6:13
Lev	6	21	6:14
Lev	6	22	6:15
Lev	6	23	6:16
Lev	6	24	6:17
Lev	6	25	6:18
Lev	6	26	6:19
Lev	6	27	6:20
Lev	6	28	6:21
Lev	6	29	6:22
Lev	6	30	6:23
Num	16	36	17:1
Num	16	37	17:2
Num	16	38	17:3
Num	16	39	17:4
Num	16	40	17:5
Num	16	41	17:6
Num	16	42	17:7
Num	16	43	17:8
Num	16	44	17:9
Num	16	45	17:10
Num	16	46	17:11
Num	16	47	17:12
Num	16	48	17:13
Num	16	49	17:14
Num	16	50	17:15
Num	17	1	17:16
Num	17	2	17:17
Num	17	3	17:18
Num	17	4	17:19
Num	17	5	17:20
Num	17	6	17:21
Num	17	7	17:22
Num	17	8	17:23
Num	17	9	17:24
Num	17	10	17:25
Num	17	11	17:26
Num	17	12	17:27
Num	17	13	17:28
Num	29	40	30:1
Num	30	1	30:2
Num	30	2	30:3
Num	30	3	30:4
Num	30	4	30:5
Num	30	5	30:6
Num	30	6	30:7
Num	30	7	30:8
Num	30	8	30:9
Num	30	9	30:10
Num	30	10	30:11
Num	30	11	30:12
Num	30	12	30:13
Num	30	13	30:14
Num	30	14	30:15
Num	30	15	30:16
Num	30	16	30:17
Deut	5	21	5:18
Deut	5	22	5:19
Deut	5	23	5:20
Deut	5	24	5:21
Deut	5	25	5:22
Deut	5	26	5:23
Deut	5	27	5:24
Deut	5	28	5:25
Deut	5	29	5:26
Deut	5	30	5:27
Deut	5	31	5:28
Deut	5	32	5:29
Deut	5	33	5:30
Deut	12	32	13:1
Deut	22	30	23:1
Deut	23	1	23:2
Deut	23	2	23:3
Deut	23	3	23:4
Deut	23	4	23:5
Deut	23	5	23:6
Deut	23	6	23:7
Deut	23	7	23:8
Deut	23	8	23:9
Deut	23	9	23:10
Deut	23	10	23:11
Deut	23	11	23:12
Deut	23	12	23:13
Deut	23	13	23:14
Deut	23	14	23:15
Deut	23	15	23:16
Deut	23	16	23:17
Deut	23	17	23:18
Deut	23	18	23:19
Deut	23	19	23:20
Deut	23	20	23:21
Deut	23	21	23:22
Deut	23	22	23:23
Deut	23	23	23:24
Deut	23	24	23:25
Deut	23	25	23:26
Deut	29	1	28:69
1Sam	20	42	21:1
1Sam	23	29	24:1
1Kgs	4	21	5:1
1Kgs	4	22	5:2
1Kgs	4	23	5:3
1Kgs	4	24	5:4
1Kgs	4	25	5:5
1Kgs	4	26	5:6
1Kgs	4	27	5:7
1Kgs	4	28	5:8
1Kgs	4	29	5:9
1Kgs	4	30	5:10
1Kgs	4	31	5:11
1Kgs	4	32	5:12
1Kgs	4	33	5:13
1Kgs	4	34	5:14
1Kgs	22	42	22:43
1Kgs	22	43	22:44
1Kgs	22	44	22:45
1Kgs	22	45	22:46
1Kgs	22	46	22:47
1Kgs	22	47	22:48
1Kgs	22	48	22:49
1Kgs	22	49	22:50
1Kgs	22	50	22:51
1Kgs	22	51	22:52
1Kgs	22	52	22:53
1Kgs	22	53	22:54
2Kgs	11	21	12:1
1Chr	6	1	5:27
1Chr	6	2	5:28
1Chr	6	3	5:29
1Chr	6	4	5:30
1Chr	6	5	5:31
1Chr	6	6	5:32
1Chr	6	7	5:33
1Chr	6	8	5:34
1Chr	6	9	5:35
1Chr	6	10	5:36
1Chr	6	11	5:37
1Chr	6	12	5:38
1Chr	6	13	5:39
1Chr	6	14	5:40
1Chr	6	15	5:41
1Chr	6	16	6:1
2Chr	2	1	1:18
2Chr	14	1	13:23
Neh	4	1	3:33
Neh	4	2	3:34
Neh	4	3	3:35
Neh	4	4	3:36
Neh	4	5	3:37
Neh	4	6	3:38
Neh	9	38	10:1
Job	41	1	40:25
Job	41	2	40:26
Job	41	3	40:27
Job	41	4	40:28
Job	41	5	40:29
Job	41	6	40:30
Job	41	7	40:31
Job	41	8	40:32
Job	41	9	40:1
Job	41	10	41:2
Job	41	11	41:3
Job	41	12	41:4
Job	41	13	41:5
Job	41	14	41:6
Job	41	15	41:7
Job	41	16	41:8
Job	41	17	41:9
Job	41	18	41:10
Job	41	19	41:11
Job	41	20	41:12
Job	41	21	41:13
Job	41	22	41:14
Job	41	23	41:15
Job	41	24	41:16
Job	41	25	41:17
Job	41	26	41:18
Job	41	27	41:19
Job	41	28	41:20
Job	41	29	41:21
Job	41	30	41:22
Job	41	31	41:23
Job	41	32	41:24
Job	41	33	41:25
Job	41	34	41:26
Eccl	5	1	4:17
Song	6	13	7:1
Isa	9	1	8:23
Jer	9	1	8:23
Ezek	20	45	21:1
Ezek	20	46	21:2
Ezek	20	47	21:3
Ezek	20	48	21:4
Ezek	20	49	21:5
Dan	4	1	3:31
Dan	4	2	3:32
Dan	4	3	3:33
Dan	4	4	4:1
Dan	5	31	6:1
Hos	1	10	2:1
Hos	1	11	2:2
Hos	13	16	14:1
Joel	2	28	3:1
Joel	2	29	3:2
Joel	2	30	3:3
Joel	2	31	3:4
Joel	2	32	3:5
Joel	3	1	4:1
Joel	3	2	4:2
Joel	3	3	4:3
Joel	3	4	4:4
Joel	3	5	4:5
Joel	3	6	4:6
Joel	3	7	4:7
Joel	3	8	4:8
Joel	3	9	4:9
Joel	3	10	4:10
Joel	3	11	4:11
Joel	3	12	4:12
Joel	3	13	4:13
Joel	3	14	4:14
Joel	3	15	4:15
Joel	3	16	4:16
Joel	3	17	4:17
Joel	3	18	4:18
Joel	3	19	4:19
Joel	3	20	4:20
Joel	3	21	4:21
Jonah	1	17	2:1
Mic	5	1	4:14
Nah	1	15	2:1
Zech	1	18	2:1
Zech	1	19	2:2
Zech	1	20	2:3
Zech	1	21	2:4
Mal	4	1	3:19
Mal	4	2	3:20
Mal	4	3	3:21
Mal	4	4	3:22
Mal	4	5	3:23
Mal	4	6	3:24
Acts	19	41	19:40
